{"cameraMode":{"drawMode":0,"name":"Shaded","section":"Shading Mode"},"sceneLighting":true,"audioPlay":false,"sceneViewState":{"m_AlwaysRefresh":false,"showFog":true,"showSkybox":true,"showFlares":true,"showImageEffects":true,"showParticleSystems":true,"showVisualEffectGraphs":true,"m_FxEnabled":true},"in2DMode":false,"pivot":{"x":2.953054428100586,"y":1.8482739925384522,"z":0.18078088760375977},"rotation":{"x":0.13135772943496705,"y":-0.29413121938705447,"z":0.04084920510649681,"w":0.9458193778991699},"size":1.6779544353485108,"orthographic":false}