{"cameraMode":{"drawMode":0,"name":"Shaded","section":"Shading Mode"},"sceneLighting":false,"audioPlay":false,"sceneViewState":{"m_AlwaysRefresh":false,"showFog":true,"showSkybox":true,"showFlares":true,"showImageEffects":true,"showParticleSystems":true,"showVisualEffectGraphs":true,"m_FxEnabled":true},"in2DMode":false,"pivot":{"x":-3.065263271331787,"y":-2.160521984100342,"z":-1.2552533149719239},"rotation":{"x":0.7151352763175964,"y":-0.0020939570385962726,"z":0.002156338421627879,"w":0.6989967823028565},"size":55.08177185058594,"orthographic":false}