{"cameraMode":{"drawMode":0,"name":"Shaded","section":"Shading Mode"},"sceneLighting":false,"audioPlay":false,"sceneViewState":{"m_AlwaysRefresh":false,"showFog":true,"showSkybox":true,"showFlares":true,"showImageEffects":true,"showParticleSystems":true,"showVisualEffectGraphs":true,"m_FxEnabled":true},"in2DMode":false,"pivot":{"x":-0.3702481985092163,"y":-2.4754648208618166,"z":3.5734806060791017},"rotation":{"x":0.12894725799560548,"y":-0.010100328363478184,"z":0.0013491860590875149,"w":0.9916408658027649},"size":8.605202674865723,"orthographic":true}