{"cameraMode":{"drawMode":0,"name":"Shaded","section":"Shading Mode"},"sceneLighting":false,"audioPlay":false,"sceneViewState":{"m_AlwaysRefresh":false,"showFog":true,"showSkybox":true,"showFlares":true,"showImageEffects":true,"showParticleSystems":true,"showVisualEffectGraphs":true,"m_FxEnabled":true},"in2DMode":false,"pivot":{"x":20.155431747436525,"y":17.329336166381837,"z":-40.97999954223633},"rotation":{"x":0.25981372594833376,"y":-0.7200234532356262,"z":0.3365894854068756,"w":0.5495038628578186},"size":58.710105895996097,"orthographic":true}