{"cameraMode":{"drawMode":0,"name":"Shaded","section":"Shading Mode"},"sceneLighting":false,"audioPlay":false,"sceneViewState":{"m_AlwaysRefresh":false,"showFog":true,"showSkybox":false,"showFlares":true,"showImageEffects":true,"showParticleSystems":true,"showVisualEffectGraphs":true,"m_FxEnabled":true},"in2DMode":false,"pivot":{"x":0.7364234924316406,"y":1.3299999237060547,"z":9.700000762939454},"rotation":{"x":0.0031255187932401897,"y":-0.8204227089881897,"z":0.00257882964797318,"w":0.5723791718482971},"size":1.2247449159622193,"orthographic":true}